BedroomAbvGr,FullBath,HalfBath,GrLivArea,LotArea,SalePrice
2,1,0,896,11622,113738.81987026062
3,1,1,1329,14267,140638.4548840556
3,2,1,1629,13830,199405.41036624947
3,2,1,1604,9978,186382.66773760674
2,2,0,1280,5005,165591.6932692336
3,2,1,1655,10000,192185.38103740136
3,2,0,1187,7980,128018.7889218107
3,2,1,1465,8402,166550.2990673946
2,1,1,1341,10176,166130.74559242
2,1,0,882,8400,103624.41432040879
2,2,0,1337,5858,174272.16582773477
2,1,1,987,1680,103745.41444287366
3,1,1,1092,1680,80591.35386606655
3,2,1,1456,2280,149314.78620839707
2,1,0,836,2280,82226.68150573404
3,2,1,2334,12858,276237.9909276926
3,2,0,1544,12883,181221.4621532787
3,2,0,1698,11520,194955.73973321336
3,2,0,1822,14122,215817.22074149226
3,2,1,2696,14300,320833.04504656995
3,2,1,2250,13650,268875.20028905704
2,2,0,1370,7132,181364.92880934433
3,2,0,1324,18494,171309.38448572578
2,2,0,1145,3203,145611.02291643535
3,2,1,1374,13300,169278.9473299381
3,2,1,1733,8577,197200.36314939632
4,2,1,2475,17433,269261.4371487298
2,2,0,1595,8987,211623.24561072947
2,2,0,1218,9215,169763.7451871713
2,2,0,1468,10440,201168.60871160132
3,2,1,1659,11920,197723.4507098828
2,1,0,1012,9800,121976.705395944
3,2,0,1494,15410,182285.6065948267
4,2,1,2349,13143,243701.9006394901
4,2,1,2225,11134,224411.7235517868
2,2,0,1488,4835,188569.45266869527
2,2,1,1680,3515,212798.4250780437
2,2,1,1200,3215,157938.38162213468
2,2,1,1200,2544,156160.39691605343
2,2,1,1236,2544,160215.2807178892
2,2,1,1512,2980,192458.0157945338
2,2,1,1080,2403,142270.50231049443
1,1,1,1418,12853,216877.88704943281
3,2,1,1848,7379,206979.05929796328
3,2,0,1492,8000,162425.66064945923
4,2,0,1829,10456,171910.86845203012
4,2,1,2495,10791,253914.48656006187
3,3,0,1891,18837,262216.86935325875
4,1,2,1645,9600,134984.71877755335
3,1,1,1232,9600,117346.39541857262
3,1,0,1209,9900,109450.10101208348
3,2,0,1510,9680,168904.68869973102
3,2,0,1775,10600,201190.91227519204
6,2,0,1728,13260,98002.96594056596
3,2,0,2461,9724,276137.7916259469
3,2,0,1556,17360,194436.0372245201
2,1,0,1128,11380,139229.0528740691
4,2,0,1604,8267,140767.53392809484
3,2,0,1480,8197,161596.03418659887
3,1,0,1143,8050,97114.10310377456
3,1,0,1206,10725,111298.24079836917
3,1,1,1580,10032,157688.2990842474
3,1,0,1337,8382,119845.1395844523
2,1,0,1064,10950,130880.9764857526
3,1,0,972,10895,85391.95420869278
2,1,0,988,13587,129308.06663972218
2,1,0,985,7898,113895.71108262004
3,1,0,1224,8064,106274.68820914965
3,1,1,1175,7635,105719.39678978475
2,1,0,1395,9760,165010.17347461684
3,1,0,1844,4800,167460.0021823382
2,1,0,936,4485,99332.95444297155
3,1,0,1347,5805,114143.08101340363
3,1,0,1251,6900,106231.53779990267
3,1,0,1633,11851,162377.29073611903
3,1,0,1245,8239,109103.74398411156
2,1,0,832,9656,101320.72185967771
3,2,0,1566,9600,175000.30543198247
3,3,0,2268,9000,278614.8868547086
4,2,0,2256,9045,216267.49335352355
2,1,1,1470,10560,181678.2512878981
3,1,1,1612,5830,150158.37536072923
3,1,1,2068,7793,206721.70328587617
2,1,0,765,5000,81436.87951932149
2,1,0,1132,6000,125423.92082614359
3,1,1,1196,6000,103752.39843954983
3,1,1,1453,6360,133653.6746759294
3,1,1,1416,6000,128532.24389521283
2,1,0,1040,6240,115697.38087770909
4,2,0,1536,6240,127737.25829958341
2,1,0,1068,6120,118533.20895100845
4,1,1,1962,8094,160599.0940556242
3,1,1,1560,12900,163035.079358831
3,1,0,1324,3068,104300.08503835276
3,2,0,1675,15263,202283.14747709915
3,1,1,1224,10632,119179.85590673605
3,1,0,1392,9900,130062.42700474856
3,1,0,919,6001,66454.36975344755
4,1,1,1884,6449,147454.6677137377
2,2,0,1680,6048,213409.6508017993
4,2,0,1832,10773,173088.74734584097
3,1,0,892,7800,68180.1137370039
2,1,0,864,7832,100091.91234042362
3,1,0,1373,7424,121361.55937969217
4,1,1,1440,11227,110104.95714681874
1,1,1,1483,20062,243301.27916228666
2,1,0,756,9259,91708.45940820688
4,2,1,1981,17082,212689.3569998745
4,2,0,1610,18600,168823.25246725458
3,1,0,1074,11479,98428.24778486
3,1,0,1531,9350,144261.41939309976
3,1,0,1172,9525,104288.92392646195
1,1,0,1508,17485,233188.15521080987
3,2,0,1298,11200,149053.55409706605
1,1,1,1433,11980,216254.18702139653
3,2,1,1802,12361,214998.89162026922
2,2,0,1222,7360,165298.99479190804
3,2,0,1445,14235,173652.99864699613
2,1,0,965,11105,120140.75784805535
3,2,1,1692,9337,194596.11382360058
3,1,1,1026,15240,109088.05986343874
3,1,0,876,7480,65530.02198710474
3,2,1,1978,10389,229597.45376662933
4,2,1,2098,9375,205446.0778956795
1,1,0,848,4435,124269.33357651797
2,1,0,640,8777,77365.54144912382
3,1,0,992,8842,82204.72316727795
3,1,0,1196,10044,108367.40194406359
2,1,0,1120,11792,139419.6660928281
3,1,0,1096,6305,87196.4068918803
3,1,0,960,6410,72156.18110816869
2,2,0,1296,4853,166991.10129145713
2,1,0,856,7890,99344.51276342591
6,3,0,2650,7200,211929.7378335548
3,1,0,1666,9839,160762.96318988508
4,1,1,2133,10452,186107.9112454016
5,2,1,2177,15600,195858.20666421019
3,2,1,1652,19645,217404.34810779526
1,1,0,1034,3907,143820.4966200153
2,2,0,1191,3907,152657.68990676425
1,1,0,540,8154,99431.98380135604
2,1,0,1107,9140,130928.25579052632
3,1,0,952,8712,77354.8287449509
2,2,0,1646,3811,203652.53938413013
3,2,1,1916,11050,224365.52994405688
3,2,0,1285,9620,143402.67971863772
5,3,0,2048,12760,193836.50516422928
3,2,0,1346,11896,156304.29438043656
2,2,0,1214,9803,170871.25769479672
3,2,1,1444,9802,167894.605307452
2,1,0,1264,15300,164934.53714060783
3,2,0,1430,10114,161043.8288953458
3,2,0,1344,11875,156023.3782312454
2,1,0,945,2394,94806.04048968104
3,1,1,1092,1476,80050.80411935928
3,1,1,1092,1900,81174.29967133907
3,1,1,1092,1890,81147.80213473579
3,1,0,874,6953,63908.33048578675
2,1,0,833,12887,109994.71159736517
4,4,2,2432,7700,296997.0506068831
3,1,1,1274,10475,124395.62764016949
5,2,0,1479,10544,97740.76036857453
3,2,1,1803,9892,208569.2854940772
3,2,1,1797,12961,216025.5655106565
2,1,0,882,13008,115834.47918720818
4,2,0,1434,10200,126741.44535595449
3,2,1,1608,10179,187365.81086798143
4,2,1,2283,11792,232688.1298076858
3,2,1,1628,8400,184904.61232949697
1,2,0,2522,7296,346536.5750672109
2,2,0,1478,7380,194186.7191226134
2,2,0,1734,8013,224698.74244710087
3,2,1,1382,8923,158582.0608479717
3,2,1,1636,7500,183420.91932449705
3,2,1,1516,8803,173357.26900445414
3,2,0,1190,7250,126422.37573325638
3,2,1,1934,11900,228645.26245625498
4,2,1,2050,13250,210307.36159367615
3,2,0,1671,10928,190345.92271492133
4,2,1,2673,12388,278195.29084246303
3,2,0,1707,11088,194824.76710240985
3,2,1,1884,7000,210029.68646253407
3,2,1,1874,7500,210228.2066810779
3,2,1,1811,8470,205702.4210783852
3,2,0,1621,9373,180593.7727150034
3,2,0,1116,10140,125745.12488561355
3,2,0,1193,11050,136829.34662599562
2,1,1,1180,7830,141780.08205818766
3,1,1,1050,8510,93958.4735973102
3,1,0,864,7038,63007.20293529374
3,1,0,864,9000,68206.01961686066
2,1,1,987,1680,103745.41444287366
2,1,1,987,1680,103745.41444287366
3,2,1,1548,2308,159751.46013779994
2,2,0,1055,2280,133028.09078336158
3,2,1,1456,2349,149497.61921095982
3,2,1,1548,2364,159899.84634277842
3,2,1,1456,2364,149537.36551586475
2,1,0,836,2104,81760.32486151603
3,1,0,1120,10710,101571.82763352324
4,3,1,2772,14257,320432.8103717943
3,2,1,2690,12350,314990.2114419543
3,2,0,2020,12350,233423.7181654847
2,2,1,2674,13693,351727.46502801153
3,2,0,1736,11578,199389.58056967243
3,2,0,1782,16870,218593.31735359418
5,2,1,2520,23303,254903.29088833192
3,2,0,1743,10367,196969.1785151479
2,2,0,1531,10872,209409.34894607635
3,2,0,1808,13514,212629.27125974232
3,2,0,1760,12878,205537.51619599157
3,2,0,2452,15274,289830.2034903179
4,3,1,2400,13262,275895.8395274633
3,2,0,1606,9658,179659.41759076578
2,2,0,1358,6904,179409.1570408439
1,2,0,1306,5122,203811.046636535
2,2,0,1358,10307,188426.26874694595
2,2,1,2492,14836,334256.44313026546
3,2,1,2200,15262,267514.82013140334
2,2,0,1884,7390,239943.2950910311
2,2,0,1456,6472,189302.75825346768
3,2,0,1712,16770,210443.84570621388
2,2,0,1405,3480,175630.27658249383
3,2,1,1456,10928,172229.85586292855
3,2,1,1490,8918,170733.46348517732
2,2,0,1220,3182,154003.05267672625
3,2,1,1374,9434,159034.99967910338
3,2,1,1630,7984,184027.586129124
3,2,1,1594,10125,185645.82491405416
3,2,1,1489,8965,170745.36624605072
3,2,1,1342,8174,152091.96890990055
4,2,1,2004,12891,204174.859616161
3,2,1,1374,9734,159829.92577720227
3,2,1,1514,8433,172151.58882780792
3,2,1,1430,7750,160880.41154018597
4,2,1,2312,15896,246829.15300338002
3,2,1,1430,7848,161140.0873988983
4,2,1,2687,12720,280651.908313962
3,2,0,2063,10750,234027.4457389276
3,2,1,2061,9085,235490.93487001408
3,2,1,2232,11692,261659.5407212135
3,2,0,1696,11194,193866.64871762163
3,2,1,1658,10206,193069.13727491559
3,2,0,1702,10130,191723.12479000347
3,2,0,1432,9139,158685.5903988485
2,2,0,2490,11128,318105.284937579
3,2,0,1436,7993,156099.515348759
3,2,0,1402,8640,153984.29348748084
3,2,0,1530,12606,178910.58113309788
2,2,0,1448,7500,191125.61972698983
3,2,1,1795,10603,209552.17505727478
3,2,0,1836,8125,201503.54729676436
3,2,0,1662,10625,188529.32640538248
3,2,0,1553,8736,171246.65467435023
3,2,1,1653,8127,186997.12110927954
3,1,1,1218,9605,115782.7449306048
3,1,1,1141,7500,101532.06756612867
3,1,1,1158,7500,103446.87380588446
3,2,1,1812,10628,211533.2251385388
3,2,0,1512,10141,170351.49645946722
3,1,1,1114,13072,113255.33211010911
3,1,1,1114,13072,113255.33211010911
3,2,0,1114,12450,131640.784518651
2,2,0,1450,7328,190895.13341973737
4,2,1,2122,11492,213758.86226248802
3,2,1,1730,7703,194546.57146678178
2,2,0,1332,7175,177198.71309257855
3,2,1,1540,9109,176871.34949240554
3,2,1,1400,10274,164189.31994399504
4,2,0,1882,8250,172035.2019189343
3,1,0,980,9750,83259.07155691207
3,1,0,864,8499,66878.49303303547
2,1,0,864,9079,103396.15515485479
3,2,0,1020,9316,112748.7043979398
3,1,0,912,7791,70408.97917730303
3,1,0,912,7150,68710.48708103168
2,2,0,2014,15676,276541.7898715968
3,2,1,1755,11949,208613.31703759442
3,2,1,3005,2880,325377.2775446948
2,2,1,1726,3830,218814.33789450445
1,1,1,1256,4217,175747.63733056435
2,2,1,1512,2998,192505.71136041975
3,2,1,1452,3768,152807.07701031928
2,2,0,1694,14694,237896.3202052796
2,1,1,1740,15417,224959.73332988782
4,2,1,2499,9600,251209.17259525752
3,2,1,2067,12732,245830.40043620922
5,2,1,2640,10400,234229.79874855
3,2,0,1336,9600,149094.10336469847
3,1,0,1216,9000,107853.77234592146
4,1,2,2288,13774,218469.52068300277
2,1,0,864,7130,98231.78527087215
3,1,1,1568,9600,155191.9775690397
4,2,1,2061,9600,201874.7530062558
3,2,0,1320,16500,165575.23304237993
2,1,0,894,7436,102421.67972579619
3,1,0,864,8125,65887.48516407215
3,1,0,1362,9450,125490.96802273708
3,2,0,1728,13495,203568.0730472277
3,1,1,1313,9350,125807.44555762067
3,1,1,1292,10500,126489.31338259563
4,2,1,2140,8970,209103.62543205434
4,1,0,1576,11475,119979.94567476706
2,1,0,960,9768,116034.858898384
2,1,0,1691,9900,198721.2946910459
3,2,0,1453,10573,164850.68603216554
2,2,0,1567,14695,223594.2409913527
3,1,0,1144,8760,99108.06386377076
3,1,1,1329,12285,135386.64312928208
3,2,0,988,9240,108942.9819625674
3,1,0,1202,8750,105614.43467456955
3,1,0,1382,8750,125888.85368374838
3,1,0,1200,10400,109761.25689178935
4,2,0,1866,9482,173497.52784986686
3,1,0,1062,8128,88197.29533514983
2,1,0,1112,13070,141904.96598143267
2,1,0,793,8480,93811.82076980788
2,1,0,1031,7626,118356.21850046718
2,1,1,1210,9533,149671.68237659227
3,1,1,1527,11419,155393.81736953324
3,1,0,1200,9600,107641.45396352558
2,1,0,792,5470,85723.4265910533
4,2,0,1352,10800,119095.17333685973
2,1,0,1039,8146,120635.17569313545
3,1,0,1078,10230,95569.24810775659
3,2,0,2377,10410,268494.1270993163
4,2,0,1690,7200,147626.91363246404
2,1,0,599,5400,63799.26123054405
2,1,0,846,10800,105928.93930336437
1,1,1,725,10800,133381.42959943748
6,2,2,2544,9671,192604.90015763915
3,1,1,1380,10143,135455.28950812313
3,1,0,1040,11500,94654.28013221535
2,1,0,951,8010,110362.87101306542
3,1,0,1105,10454,99203.95577904725
2,1,0,1142,9000,134499.5384187538
3,1,0,1133,8064,96024.84304339813
3,1,0,1041,7350,83770.4381030091
2,1,0,732,7200,83549.36075369745
3,1,0,1183,8000,101487.04186724227
4,2,0,1461,10800,131372.46040352908
3,1,0,1495,8064,136798.95238407998
4,1,1,1806,7570,141639.45999632316
2,1,0,941,8604,110810.46807568023
3,1,0,1045,7936,85773.73639261075
3,1,0,1378,4080,113063.96144536012
4,2,0,1944,10307,184469.156190283
3,1,1,1306,15660,141738.9415261665
3,2,0,1464,9900,164306.39409154677
3,1,1,1558,6406,145602.3077663255
4,2,0,1701,7627,149997.35071820798
3,1,0,1447,10134,136877.4307251815
3,1,1,1328,6000,118620.3057129476
2,1,0,861,7404,98619.91079031618
1,1,0,612,5925,101635.45049615257
2,1,0,792,8520,93805.17525505894
3,2,0,1510,9600,168692.70840690463
3,2,0,2007,8400,221492.9276120749
3,1,0,1288,3600,101654.87018381243
2,1,0,816,3300,82676.7170160283
3,1,0,1480,5400,128050.47371553
4,1,0,1521,9720,109134.66663697264
2,1,0,797,9392,96678.93875267699
3,1,0,1432,6615,125863.4126770496
3,2,0,1654,4960,172617.38663031772
3,1,0,1142,6000,91569.47243893651
2,1,0,995,6120,110310.80568617482
3,2,0,1582,6120,167581.33327262875
2,1,0,1072,8635,125647.88205138613
3,2,0,1768,8094,193762.179974271
3,2,0,1944,9928,218445.7045518461
4,2,0,2128,3000,185832.36784808093
4,2,0,1930,6876,173800.95212542225
3,1,0,1427,5775,123074.44129656213
6,2,1,1864,5852,99792.64104074924
3,1,0,1666,5160,148364.7658132023
1,1,0,892,5160,131146.3740713896
3,1,1,1403,10320,138514.9161127299
2,1,0,704,4280,72658.28155299573
3,3,0,1200,10800,163089.55732217454
2,2,0,1152,10547,165859.26342603157
4,2,0,1112,9780,89359.86592441834
3,1,1,1052,11625,102437.72757156148
3,1,0,1034,8014,84741.42490533332
4,2,0,1774,15400,178816.28918478455
3,1,0,1138,15312,115793.43587927852
4,1,1,2071,15584,192723.0360381633
2,1,0,660,9000,80209.14973861944
2,1,0,1383,15635,179225.8482951087
2,1,0,1073,9571,128240.68713861688
3,1,1,1639,9350,162526.67109646674
3,1,0,1089,7440,89415.4276682198
2,2,0,1049,4235,137532.54522233357
1,1,1,1061,10778,171168.7171693773
2,1,1,1338,19255,189849.95209106727
3,2,1,1879,10560,218899.63118749738
4,1,0,2016,26400,209087.20996651417
6,2,0,2228,7018,137781.03417384005
4,2,0,1535,7018,129686.13098615785
2,0,2,1229,7040,125172.32487820332
4,2,0,1513,7007,127178.99915032789
6,4,2,2787,11855,278030.826780444
6,4,2,2787,7939,267654.39144659275
6,4,2,2787,7976,267752.43233202497
1,1,1,1680,10933,241300.90324607113
3,2,0,1720,10816,195568.29770190752
3,2,0,1468,9178,162843.81459343713
3,2,0,1838,11422,210465.05643719566
2,2,0,1290,6762,171373.667062054
2,2,0,1254,10324,176757.20579831273
3,2,0,1498,11645,172759.82670833368
3,2,1,1422,11646,170302.76651153373
3,2,1,1759,16698,221647.53981514875
3,1,0,990,9757,84403.97644415544
3,2,0,1463,14753,177053.0129439648
3,2,1,1772,8750,202051.56131795538
3,2,0,1444,10739,164276.8241893213
3,2,0,1492,11166,170814.78073806313
3,1,0,907,16269,92310.41240376794
2,1,0,914,6950,103386.61267011805
3,2,0,1611,11664,185538.00173919773
4,2,1,2184,12334,222973.3658365361
3,2,1,1725,8749,196755.03548967617
3,2,1,1870,11250,219714.24026266596
2,2,0,1513,15750,220307.40540024685
3,2,0,1828,12782,212942.36480362306
3,2,0,1417,8750,155965.30130754868
3,2,0,1602,10200,180645.04143001608
3,2,1,1396,11069,165845.33145930877
3,1,0,1149,10682,104764.06870473505
2,1,0,1072,3675,112505.10389615071
3,1,0,876,6410,62694.78557055193
3,1,0,1368,11767,132306.26122069368
6,2,0,1678,10926,86186.65783925119
2,1,0,1560,11767,188913.1131626458
3,1,0,1298,8212,115001.89067687417
3,1,1,1268,6300,112657.09214132027
3,1,1,1242,5707,108157.26103053005
3,1,0,1232,8574,108527.14786521465
3,1,0,1228,7155,104316.60477655836
2,1,1,1567,13680,200871.141840851
2,1,0,1273,14680,164305.4108216623
5,2,1,2480,8145,210232.8984585697
2,1,0,1112,9100,131385.44394992365
3,2,0,1561,13339,184344.55606214478
3,2,0,1523,15600,186055.49396399033
3,1,1,1906,17500,214195.8849584359
2,1,0,1032,1733,102853.85584130618
2,1,1,1229,1488,130494.49174131962
2,1,1,1229,1612,130823.06119520053
3,2,1,1982,13607,238574.90369021884
3,2,0,2365,17597,286186.27872216085
5,2,0,2168,8660,170354.5950132033
2,1,0,572,10200,73476.91594874991
2,2,0,1648,3843,203962.60282358492
1,1,0,810,21780,165949.15569077706
3,2,1,2052,10125,237232.95772629807
2,1,0,926,9750,112157.55085298652
2,1,1,1287,9360,157886.2209028373
2,2,0,1595,11070,217142.6824851963
3,2,0,2036,13438,238108.82072651715
3,2,0,1641,14463,196333.73206932377
3,2,1,2237,9839,257312.72549443305
3,2,1,1479,14419,184070.766097868
3,2,1,2014,9157,230387.84105893888
2,2,0,1978,12633,264423.7056813777
3,1,0,1008,12518,93747.3882012437
3,2,0,1404,13383,166777.34642074892
2,1,0,796,7689,92053.77260797337
2,1,0,1091,7706,125326.33846301981
2,1,0,883,7669,101800.08005586988
3,1,1,1287,10429,125738.00256690172
4,1,1,1632,10457,129690.69377148892
3,2,1,1604,8702,183001.58206702603
3,2,1,1470,8139,166416.5921605384
3,2,1,1604,9535,185208.82686608066
3,2,1,1636,15038,203394.76241606256
3,2,0,1384,14137,166522.54745739544
1,1,1,1682,6264,229154.47472831584
2,2,0,1280,5070,165763.927257155
3,2,1,1633,11184,192844.70482566542
3,2,1,1709,14067,209044.25487671598
2,2,0,1337,5950,174515.94316448513
5,3,1,2500,13543,252923.18142339835
2,2,0,1884,15401,261170.47166393255
3,1,0,1474,31220,195791.29925827094
2,2,0,1710,8118,222273.71071354498
3,2,1,1488,47280,272158.04208042216
2,2,0,1688,12680,231883.90236640288
3,2,0,1260,10825,143779.74135028245
3,2,0,2064,18559,254832.00773360455
3,2,0,1782,14450,212180.9134955962
3,2,0,1211,13068,144203.9914134589
3,2,1,2044,10400,237060.5546935919
3,1,1,1308,9743,126285.62044031969
4,2,1,2840,12511,297331.36595675506
2,2,0,1444,10400,198359.36269729762
4,2,1,2340,14311,245783.09196429633
4,2,2,1792,9000,176086.50825531152
2,1,0,936,10295,114728.02320948728
3,1,0,864,7560,64390.37434598585
2,1,1,987,1680,103745.41444287366
2,1,1,987,1890,104301.86271154288
3,2,1,1302,1680,130379.04219323513
4,2,1,1456,2308,114408.17431205823
2,2,0,1055,2529,133687.87944478367
3,2,0,1582,12704,185027.31137223964
4,2,1,2464,13693,258112.36618631353
2,2,0,1950,14418,265999.7174525273
4,2,1,2748,13418,289372.21169976046
4,2,1,2790,12539,291773.77600113914
3,2,1,2331,12151,274026.70810635324
4,2,1,2088,8899,203058.4385417415
4,2,1,2332,10574,234979.87724634729
1,1,1,2470,12720,335018.1853551429
2,2,0,1575,10845,214293.77468838
4,2,1,2649,16900,287447.7234899802
4,2,1,2690,16451,290876.0462041385
2,2,0,1866,10110,245123.1831462101
2,2,0,1367,12304,194731.54775708338
2,2,0,1800,8232,232712.99213541197
2,2,0,1342,6240,175847.55003179127
2,2,0,1342,6240,175847.55003179127
2,2,1,1626,2448,203888.81221971833
2,2,0,1455,3940,182480.9463243507
2,2,0,1576,3940,196109.86132496534
2,2,0,1246,3710,158330.64979959506
3,2,1,1515,9024,173830.22890222492
3,2,1,1720,8010,194233.689228882
4,2,1,1986,8396,190236.77501206097
2,2,0,1358,7301,180461.10924399478
3,2,1,1892,8220,214163.4712174332
3,2,1,1414,7750,159078.2409615923
4,2,1,2322,12460,238850.95603810812
3,2,1,1651,8390,187468.73499962207
3,2,1,2199,9660,252558.2644650741
4,2,1,2172,11000,218086.96651971102
2,2,0,2006,11675,265039.0401873208
4,2,1,2125,10990,212766.5929084888
4,2,1,2501,11929,257605.7201924897
4,2,1,2197,10010,218279.6019250372
3,2,0,1578,13253,186031.48348711224
3,3,0,1861,9801,234894.62544365623
3,2,1,1874,9428,215336.93173819364
3,2,0,1460,10037,164218.86769836352
3,2,0,1372,8640,150605.22365261771
3,2,0,1660,10625,188304.05508305828
2,2,0,1218,7500,165219.4176597058
3,2,1,1696,10110,197094.9160476839
3,2,1,1663,12774,200436.88298045282
3,1,0,1175,13072,114025.50714313782
3,2,0,1162,9260,128594.58207798016
3,2,1,1609,8453,182904.97171141446
3,2,1,1680,8480,190973.64700275278
3,2,1,1657,14565,204506.77781913077
3,2,1,1677,8450,190556.24740945653
3,2,1,1737,8285,196877.17772522842
3,1,0,984,9100,81987.27432234617
3,1,0,864,8100,65821.2413225639
3,1,0,890,8450,69677.18229389402
3,1,0,864,6360,61210.66995359018
3,2,0,1430,19508,185935.61478048324
4,2,0,1641,10759,151538.23951263438
4,2,1,2683,9205,270887.4815532546
4,2,1,2786,11025,287311.50631475146
1,2,0,1245,3435,192470.13688067035
2,2,1,1200,3180,157845.64024402315
2,2,0,1392,3180,173371.08688928754
3,2,1,1549,2280,159789.90269647277
2,2,0,1638,4765,205279.3190867879
1,1,1,1310,4538,182680.53395828384
2,1,1,1419,4385,159571.60371609472
2,2,0,1557,4109,194417.5921314811
3,2,1,1404,2160,143139.76138872805
3,2,1,1789,10646,208990.30049769636
3,2,1,1586,2645,164924.582245491
3,2,1,1607,2645,167289.93112989518
2,2,1,2393,3951,294262.944082528
1,1,1,1239,11064,191975.69440308618
3,2,2,2944,24572,382085.55891153845
3,3,0,1671,16280,230661.60378813272
3,2,1,1812,7500,203244.7956890274
4,2,0,1427,11104,128348.37303675782
4,1,1,1740,11050,143426.64909757173
4,2,0,1620,15387,161435.95056823618
4,2,0,1625,9750,147062.46749076806
4,1,1,1464,8814,106414.3574323336
3,1,0,925,8125,72758.26049496052
6,2,0,1728,11072,92205.3049317645
4,1,1,1670,13355,141649.83500328445
2,1,0,1014,7785,116862.7230927038
3,1,0,1114,9900,98749.71320168354
3,1,0,1118,11332,102994.70308792412
2,1,0,906,4882,97005.83681125933
3,2,0,1496,9600,167115.8091506352
3,1,0,1337,9600,123072.53954273391
3,1,0,1036,7584,83827.30215371575
4,2,1,1988,14670,207086.6007992939
3,1,0,1176,8856,102966.78137234978
2,2,0,1440,9840,196424.95800286453
3,1,0,1570,13200,158855.76177069132
3,1,0,1104,10425,99014.47726173559
2,1,0,882,11556,111987.0368724094
3,1,1,1152,9373,107734.04844470939
2,1,0,950,12774,122873.66178971411
3,2,0,1790,14250,212552.04805282713
4,2,1,1764,8838,166402.8493519395
5,2,0,1824,12436,141613.3973948444
1,1,0,869,10122,141703.83152721732
3,1,0,1159,7506,97474.80769114886
2,1,0,672,5400,72021.66449537767
3,1,0,1436,10836,137498.56552194981
3,1,1,1044,10180,97707.74824308822
3,1,1,1312,11355,131007.56598541964
3,1,0,1081,12929,103058.84022047283
2,1,0,876,7200,99768.8959610405
3,1,1,1256,8000,115810.04542993555
3,1,0,1027,8000,83915.87872595397
3,2,0,1320,8064,143221.91116383835
2,1,0,984,6390,109787.2469016807
4,1,0,1278,7200,75086.82175055033
6,2,0,1800,8513,93534.3529186523
3,1,1,1588,7200,151085.28200749046
2,1,0,825,7200,94024.47724177317
3,1,0,1117,7590,92966.68922980817
3,1,0,1133,9836,100720.20652950241
3,1,0,1323,9184,120393.34276376732
2,1,0,1360,4800,147925.1471787077
2,1,0,672,4800,70431.81229917983
4,1,1,1456,6000,98056.86534286891
3,2,0,1594,11426,182992.5541282835
2,2,0,1656,7628,214893.0057172297
2,1,0,1740,7308,197372.28060041438
2,1,0,1027,5400,112007.32420792477
3,2,0,1436,10800,163537.37387330458
2,1,0,899,6756,101183.02554258252
3,1,0,1080,5914,84358.1826320977
3,1,0,1499,9000,139729.66445479702
1,1,0,407,7311,82217.69853113816
5,2,0,1588,12205,114419.28826505157
4,2,0,1627,9142,145676.68858761177
3,1,0,1450,5350,124538.91619765038
2,1,0,1017,9143,120798.99554691787
4,2,0,2350,9600,228325.85878424434
3,1,1,1540,6000,142499.0658793138
2,1,0,1086,11340,134392.36495884747
5,2,0,2495,10800,212856.9290463171
2,1,0,984,9750,118690.41920038857
2,1,0,1093,8516,127697.9102502111
2,1,0,1143,7111,129606.78941555304
3,1,1,1668,7425,160692.329474033
3,2,0,1738,7010,187510.77717161045
3,1,0,1210,5000,96578.9437376299
3,1,1,1290,5870,113995.68261294479
3,1,1,1672,6000,157366.97315271155
2,1,0,949,6000,104811.59483347845
3,2,0,1497,6000,157689.33163461025
2,2,0,1342,6000,175211.60915331217
3,1,0,1013,5000,74389.71848869532
3,1,0,1216,5520,98632.629607974
2,1,0,896,5940,98682.91957226713
2,1,0,1136,6240,126510.40434927114
1,1,0,808,6120,124228.74204768936
4,2,0,2009,6240,181013.9260292588
4,2,0,1902,6120,168643.9398456741
4,2,0,1716,9144,155706.56193835975
5,2,0,1984,8094,148129.87278762946
3,1,0,1609,4347,139790.28340111428
1,1,0,768,6291,120176.42347712156
4,1,1,1536,10266,118371.56735080392
4,2,0,1969,6876,178193.74291074436
2,2,0,1308,10320,182828.932486425
2,1,0,1040,7200,118241.14439162561
3,2,0,1236,7006,130957.07625359272
1,1,0,759,10320,129838.56002413112
3,2,0,1344,10320,151903.0112894327
3,1,0,1054,9488,90899.87502390142
3,1,0,1075,11235,97894.34355290166
3,1,0,1096,13014,104973.60419903243
3,1,0,992,10265,85975.32262592715
3,1,0,1034,7703,83917.35151697077
3,1,0,1073,9981,94346.28114052398
2,1,0,1126,7400,128457.76198363256
3,1,0,1140,12900,109627.50137288745
3,1,0,960,9239,79652.33421324148
1,1,0,1188,14175,188374.059023245
3,2,0,1721,10532,194928.403323536
2,1,1,1350,8375,162372.2602006251
3,1,0,904,10200,75891.15045574051
3,2,0,1524,20270,198542.47921889226
2,1,0,1079,5190,117307.93031968495
2,1,0,1518,19550,204805.44813218372
3,1,0,1509,9571,142369.03040646634
2,1,0,864,9350,104114.23839680415
3,1,1,1269,9360,120877.97400309134
4,2,1,2814,9771,287142.5137372369
3,2,1,1626,9938,188754.6621367599
4,2,1,2200,14171,229643.13388915555
3,2,1,2037,10541,236645.72033156364
3,2,1,1356,10616,160139.56660469522
3,2,0,1615,9345,179843.7656455415
3,2,0,2276,11778,260742.78832927483
3,2,1,1766,11778,209399.2014344612
3,2,0,1511,11454,173717.98735431806
2,2,0,1643,11500,223688.58829491911
3,1,0,990,9750,84385.42816853312
3,2,0,1418,8696,155934.8502710529
3,2,1,1771,13142,213576.64373296147
3,2,1,1652,8998,189192.42088626465
3,2,1,1823,12192,216916.43213607767
3,1,0,1174,12250,111734.77397318467
3,1,1,1076,9216,98757.72687171769
2,2,0,1558,14330,221613.35995487336
3,2,1,2161,10400,250238.9270495581
3,2,1,1947,9720,224333.06307184356
3,2,0,1786,14860,213717.85514097984
4,2,1,2327,10905,235293.7674021059
3,2,1,1764,11690,208940.75179002798
1,1,0,848,4426,124245.48579357498
2,2,0,1838,10126,242011.78069223644
3,2,0,1445,9750,161768.85348041734
3,2,0,1564,11058,178638.37494641903
3,2,0,1361,9627,151981.53824257996
3,1,0,1092,9825,96072.9971315925
3,1,0,1033,12102,95460.98220759911
3,1,1,1127,6500,97305.41464952948
3,1,0,1117,9638,98393.38472616347
3,1,1,1398,7200,129684.50638669061
5,3,1,3820,47007,490273.61064665014
2,2,0,1152,6012,153842.63057643626
2,2,0,1152,6845,156049.87537549093
2,1,0,784,6931,88693.63139949818
2,1,1,1053,12180,139001.7815130347
4,1,1,1137,8050,67558.08443583355
2,1,0,930,9520,111998.6501557591
3,1,0,1204,7692,103036.26662426488
3,1,1,1292,5142,112291.93327054897
2,2,0,1424,7290,187865.9155904301
4,2,2,1920,7804,187334.76750630653
2,1,0,1316,8969,154016.00109748976
3,1,0,1264,15564,130653.26710810678
3,2,0,1512,7609,163642.32019151238
4,1,0,1603,9650,118185.30809604214
4,2,0,1938,11700,187484.44907214973
3,1,0,1374,9260,126339.1427612197
2,1,0,1091,7801,125578.06506075115
4,1,1,1873,9670,154750.5319808766
3,2,1,2161,12392,255517.2363409349
3,2,1,1898,26073,262145.33728227246
2,1,0,1032,1879,103240.71987571432
2,1,0,919,7000,104082.27865894503
3,1,0,1090,6000,85712.41805850709
4,1,0,1200,8155,68831.75492552106
3,1,1,1656,6000,155564.80257411787
2,1,0,912,7392,104332.53246565956
4,2,0,1955,9000,182244.92042901524
2,1,0,733,14584,103227.77744273427
2,1,0,1361,5280,149309.66459682808
2,1,0,1049,5150,113822.87033840864
3,1,1,864,9000,74306.61991472032
2,2,0,1648,3843,203962.60282358492
2,2,0,1646,3811,203652.53938413013
3,3,0,2032,23730,291063.7422371089
3,2,1,1820,11050,213552.50647249477
4,2,2,1872,10260,188436.05076029533
3,2,0,1689,9990,189887.89568244995
2,2,0,1501,4084,188043.751264895
3,2,0,1537,11563,176935.33769350874
3,2,1,1780,12852,213821.93612192475
3,2,1,1442,9802,167669.33398512777
3,2,1,1612,12018,192689.2504939762
3,2,0,1495,12890,175720.86303195788
3,2,0,1256,18265,163043.36593848717
3,2,0,1440,11202,165053.11748940556
3,2,0,1675,7915,182812.7575809963
3,2,0,1728,11449,198146.67705819308
3,2,1,1964,11447,230823.99388298875
2,2,0,1344,8940,183227.15623700578
2,1,0,1092,9278,129604.38687822023
2,2,0,1189,4500,154003.72250501558
3,1,0,1200,14137,119663.38632044155
3,1,0,1040,4224,75374.67249965627
4,2,0,1475,2665,111393.61363301626
2,1,0,988,1974,98536.47738231305
1,1,0,988,1596,132515.6754975365
3,1,0,1160,17979,125338.31343694421
3,2,1,1092,1477,106187.65335614626
2,1,0,816,6490,91129.43119248013
3,1,0,845,6600,59706.53326998933
3,1,0,889,12395,80017.8248227327
4,2,0,1836,56600,294969.55098241975
3,2,0,1587,10667,180192.9414719585
3,2,1,1384,8872,158672.1947336191
3,2,1,1694,10147,196967.6856107919
3,2,1,1714,8637,195219.2708069361
3,2,1,1553,7875,175065.817070666
5,3,1,2299,7500,214270.95216044277
3,2,0,1187,9556,132194.80069049035
3,2,1,1642,7655,184507.4451088208
3,1,0,1128,18160,122213.57769227654
2,2,0,1179,4740,153513.30677187367
1,1,0,1321,5118,179355.78305619856
4,3,1,2541,12328,289302.5978325721
4,2,1,2338,51974,345355.4927509706
3,1,1,1424,41600,223764.559492248
2,2,0,1612,8035,211015.48636585133
1,1,1,2234,14082,312045.1338062553
3,2,0,2042,13870,239929.32827475216
3,2,0,1284,10960,146840.71396231747
3,2,1,1479,12090,177899.48982296008
3,2,0,1664,12299,193190.2853550987
4,2,1,1930,11339,191727.40300933347
3,2,0,1177,11850,137146.97897566573
2,2,0,1353,10400,188109.5175315461
2,2,0,1220,13001,180020.98386750382
3,2,0,1324,8991,146128.7754516124
4,2,1,1877,8000,176910.18549590104
3,1,0,1422,9457,132267.65596808563
3,1,0,914,7920,70976.06872180979
2,1,0,914,17199,130543.9379348374
2,2,0,1337,4113,169648.3456904594
2,2,0,1337,10943,187746.16319051143
3,1,1,1092,2205,81982.47453773965
4,1,1,1218,2058,60804.24905726828
2,2,0,1055,2304,133091.68487120952
3,1,0,988,7150,77270.79732935163
3,2,0,1816,12469,210761.36397399456
3,2,0,1694,11825,195313.3719549655
2,2,1,2122,14333,291248.4224091409
3,2,1,2656,13641,314581.4309379285
4,2,1,2550,13440,267128.645370191
2,2,1,2046,15431,285597.54167986306
3,2,0,2552,13891,297429.1602942923
4,2,1,2758,13654,291123.91017521935
2,2,1,2290,17169,317685.91486506956
3,2,1,2152,16659,265810.0142591029
3,2,1,2100,9709,241537.1719393819
3,2,1,1802,13615,218321.6827103227
5,2,1,2956,13069,276894.86019519507
3,2,1,2385,14277,285742.4100909679
3,2,1,1818,12568,217349.56120655115
3,2,0,1614,9926,181270.63686103097
3,2,0,1721,9254,191542.01814563462
3,2,1,1828,10732,213610.97009780677
1,1,1,1302,3901,180091.55558735694
1,1,1,1302,3903,180096.8550946776
2,2,0,1362,6289,178230.10118438955
2,2,0,1554,4590,195354.2166586134
2,2,0,1577,7841,206559.18601507376
2,2,0,1324,6240,173820.10813087338
2,2,0,1405,3242,174999.63521133535
3,3,0,1496,15810,209704.97886440944
3,2,1,1536,10237,179409.72897660904
3,2,0,1458,13204,172385.36621830353
3,2,1,1495,8857,171135.00681770776
3,2,1,1746,9729,201717.1429612035
3,2,0,1326,12216,154899.5023285
3,2,1,1504,8229,170484.6824694796
3,2,1,1456,7713,163710.89784496848
3,2,0,1258,7697,135266.04057844685
2,2,0,1589,3621,196728.85350242752
2,2,0,1266,3710,160583.36302283712
2,2,0,1119,16219,177171.68936907235
3,2,1,1374,11084,163407.0932186474
3,2,1,1525,10936,180022.9145123964
3,2,1,1394,11950,167954.49311173504
4,2,1,1948,7875,184576.09823086922
4,2,1,1995,8740,192162.0112216733
3,2,1,1690,9487,194768.30555032584
3,2,1,1644,9649,190016.32522984248
4,2,1,2551,12191,263931.73870960134
4,2,1,3078,10557,318961.0346610515
4,2,1,2582,11002,264272.8871034945
4,2,1,2385,10790,241521.91407857003
4,2,1,2202,11762,223485.14864374543
4,2,1,2538,9044,254128.70034543631
3,2,0,1369,9910,153632.50381775014
3,2,0,1542,11830,178206.00022662728
3,2,0,1534,10612,174077.51497904884
1,2,0,1966,12291,297146.66699442774
3,3,2,1528,9965,210022.71047268884
3,2,0,1538,8847,169851.2424132153
3,2,0,1506,8251,164667.64807447142
3,2,1,1977,9605,227407.41123576876
3,2,1,1830,8778,208658.6227678467
3,2,0,1338,8640,146775.61117310615
3,2,0,1335,9000,147391.61550733852
3,2,1,1792,8640,204012.80163856127
3,3,0,1588,10411,205761.43967920283
3,2,1,1880,12217,223402.9086638259
2,2,0,1584,10440,214234.34540640542
2,2,0,1685,11824,229277.80624967435
4,2,1,2443,10625,247617.57307201772
3,1,1,1100,7500,96914.00545848238
3,1,1,1143,7500,101757.33888845288
3,1,0,1094,12450,103253.87181228225
3,2,0,1486,7441,160268.63438636228
3,2,1,1820,11613,215044.31778326046
2,1,1,1266,8012,151949.0040843086
2,1,0,894,6285,99371.81326275665
3,1,1,1040,7476,90092.2717009082
3,2,1,2503,19522,312931.3760565257
2,1,0,1037,10751,127312.51265597016
2,1,0,1055,12712,134536.12148479465
2,2,0,1378,4379,174971.24227175346
2,2,0,1151,3523,147134.75805471346
2,2,0,1565,3784,194457.50748117076
2,2,0,1352,3606,169994.45550210387
2,2,1,1550,5330,202965.0920204686
3,2,1,1501,2280,154383.39096069176
3,2,1,1573,2117,162061.24871772956
3,2,0,1358,7321,145533.29931837332
3,2,1,2048,8010,231178.18609005224
3,2,1,2362,8413,267613.6344200659
1,1,1,1494,9466,216463.48165021595
3,2,1,2362,12000,277118.3007996687
2,2,0,2497,17778,336514.59640690644
3,1,1,1152,11700,113900.02521229668
4,2,1,2411,8000,237057.62855646483
3,1,0,1082,8723,92026.6119862881
3,1,1,1295,11700,130006.92475847763
3,2,0,1610,11358,184614.54145797476
2,2,0,1594,9547,212994.47199935204
3,2,1,2075,10530,240896.72816546002
3,2,0,1093,10738,124739.0573677623
3,1,0,1052,10800,94151.0805039298
3,1,0,1107,8050,93059.21930193884
2,2,0,1224,10899,174901.7443181392
2,1,0,1074,7450,122733.1952862196
2,1,0,1187,14357,153762.87352943482
3,1,0,964,8243,77463.7222122015
3,1,0,894,8680,70737.16828041828
3,2,0,1200,8800,131655.85051838847
3,2,0,1042,9200,114919.31751890783
5,2,1,2154,8800,175249.26156723962
3,1,0,1374,11382,131961.92002843937
3,1,1,1652,22002,197515.61800206578
2,1,0,908,12172,116547.81231738726
2,1,0,666,5000,70285.94906427315
2,1,0,670,3500,66761.86121842697
2,1,0,808,5175,86743.9198398497
2,1,0,1150,9600,136990.4759042485
4,2,0,1560,8668,136874.11605475447
3,2,0,1280,10050,143978.89548676898
3,1,0,1254,9600,113723.77966627925
2,1,0,936,8760,110660.65134088114
3,1,0,1008,6860,78755.0819910981
3,1,0,1053,8250,87506.84433125111
3,1,0,1144,9100,100008.98010828288
4,1,0,1721,9736,131704.1949279588
2,1,0,922,9770,111760.0032815447
3,1,0,1411,12198,138291.63847826628
3,1,0,1216,10050,110636.01368926768
3,1,1,1154,11556,113743.73200753341
4,2,0,1560,8078,135310.76139515996
2,1,0,948,10950,117815.23979094849
3,1,0,1040,7942,85226.4566087622
3,1,0,925,8540,73857.90826399735
4,1,0,1540,7150,104464.87729200523
3,1,0,925,8400,73486.94275155119
3,1,0,1647,9532,157809.4112540839
2,1,0,924,15783,127918.24336343154
3,2,0,1544,14190,184684.69018732966
3,1,0,1728,12099,173734.81745428074
4,3,1,3086,21281,374412.2776868511
1,2,0,1281,10284,214673.1835021044
3,1,1,1534,10800,154542.06948192386
4,2,0,1651,10090,150891.91092549486
3,1,0,888,8700,70114.34938665226
3,1,0,952,8300,76263.13023689504
3,1,1,1238,7200,111662.8006007539
3,1,0,1040,7500,84055.26549089645
3,1,0,1170,7315,98207.69701480903
3,1,1,1242,7903,113976.12006861412
3,1,0,1377,8000,123338.36013269053
3,1,0,925,7000,69777.28762708958
2,1,0,864,6600,96827.41583089741
3,1,0,936,6760,70380.33902139359
2,1,0,960,6978,108642.04618606406
3,1,0,1296,6000,108915.36425790063
2,1,0,1022,4480,109006.37253461088
2,1,0,967,3153,99295.18806343758
2,1,0,1072,7200,121845.485548813
2,1,0,1174,9000,138103.87957594113
3,1,0,1141,5925,91258.10525324967
4,2,1,1798,9639,172354.91451337517
3,2,1,1772,10337,206256.72037689868
4,1,1,1642,9863,129243.09670887412
3,1,0,1232,4571,97920.18396291474
3,2,0,1650,8398,181276.69706988294
3,1,1,1358,3600,115639.96676301943
3,2,0,2454,13500,285354.8118192172
2,1,0,968,8626,113909.9255075843
1,2,0,1382,11800,230066.41182853686
1,1,0,1060,6854,154557.8478472217
3,1,0,1435,8674,131657.16244715484
3,2,0,1274,6125,132902.79840300218
3,1,1,1232,6000,107807.2822413856
2,1,0,884,6120,97808.24729718121
3,1,1,1409,6240,128379.73514555719
4,1,0,1322,6240,77499.0273277664
3,1,0,1426,6240,124193.94108745332
2,1,0,1281,6120,142524.6047785367
4,2,1,2264,7755,219850.9967188547
3,1,0,1376,8850,125478.01508280869
4,1,0,1316,8550,82944.14431615546
3,1,1,1344,5700,119627.55019344238
3,2,0,1173,5680,120347.4562467829
2,1,0,1214,5680,133812.12387013063
5,3,0,2294,13200,222710.76942065204
4,1,1,1952,9780,163940.2221153191
3,1,1,2180,10320,226032.82483568505
3,2,0,1315,4330,132764.5526903566
3,2,0,1484,10320,167672.00385212732
3,1,1,2267,12888,242636.69475651492
2,1,0,1282,4484,138302.24345139938
3,1,0,999,11235,89334.03330458168
2,1,0,1452,11235,175338.79280984311
3,1,0,1005,14299,98128.6924868046
3,2,0,1020,14149,125554.96383831339
3,1,0,1040,11677,95123.28653009371
2,1,0,868,8425,102113.75890564758
3,1,0,897,8665,71035.32895899964
2,1,0,943,8398,110489.8901439765
3,1,0,912,8169,71410.58606090768
3,1,0,1375,14175,139475.31766290238
4,3,0,2654,16779,307723.88078815787
2,1,1,1302,6960,153216.34703547752
3,1,0,1299,11375,123495.69716565919
3,1,0,1176,13770,115987.67085921006
3,1,0,998,9000,83299.19821258266
3,2,0,1522,11075,173952.72298983627
3,2,0,1325,17541,168896.80490859368
3,2,0,1630,22692,216899.56266739397
2,1,0,1242,17808,169102.1347751485
4,3,0,2422,12671,270707.2193619151
3,1,1,1626,10512,164141.4212546625
3,1,0,864,5400,58666.90643967364
3,1,0,943,11515,83768.36730439619
2,2,0,1038,3869,135323.74310986977
4,1,0,1342,9280,87806.99167841086
4,1,0,1480,11100,108173.26458058137
4,2,0,1362,7550,111609.83055240918
4,2,0,1822,23920,206798.70210657487
3,2,1,1958,9317,224504.20461951382
3,2,0,1651,9178,183456.1405861022
3,2,1,2140,10481,248088.20821164065
3,2,0,1651,10235,186256.93020507076
3,2,0,1546,11750,178444.56257844935
3,2,0,1500,8760,165340.5587206066
2,2,0,1270,7242,170392.83559577016
3,2,1,1795,9316,206141.94209643043
3,2,1,1873,8883,213780.18033215182
0,0,1,1743,20064,281438.45608745585
3,1,0,1022,14217,99826.21892641335
3,2,1,1308,10021,153156.451441018
3,1,0,990,8428,80882.45382957722
3,1,1,1097,16561,120585.51639124371
3,2,1,1873,10820,218912.7531722105
3,2,1,1753,12352,209455.8964403831
3,2,1,1690,9543,194916.6917553043
3,2,1,1842,8826,210137.4388774878
3,1,0,894,11800,79004.39970064703
3,2,0,1025,8660,111573.64430257402
3,2,0,1009,9720,112580.21260392985
3,1,1,1040,8982,94082.80071336478
3,1,0,907,16300,92392.55476723817
3,1,0,879,9675,71684.1382550148
3,1,0,864,7200,63436.46302826715
3,1,0,875,7200,64675.45530105031
3,2,0,1673,11354,191699.989096546
3,2,1,1932,8749,220070.6173502318
3,2,1,1729,8158,195639.57372106973
3,2,0,1592,11927,184094.8093897845
4,2,1,2439,12728,252739.46237504267
3,2,1,1992,15295,244174.04448047647
1,1,1,1341,17227,219794.96365023302
3,2,1,1476,8145,167108.304649473
2,2,0,1190,8769,165428.1565421253
3,2,0,1330,8334,145063.7012637484
3,2,1,1491,8333,169295.99325504655
3,2,1,1536,9045,176251.22261349604
2,1,0,936,9825,113482.63898913229
2,1,0,1088,8308,126583.583183052
3,1,0,1351,16287,142368.3415256283
2,1,0,1179,8240,136653.24509990105
3,1,0,1044,6285,81286.35743824425
5,2,1,2233,9555,186148.04281259482
3,2,1,1408,7023,156476.05608355996
2,2,1,5095,39290,692244.1451449265
2,1,0,1072,3675,112505.10389615071
2,1,0,960,6400,107110.4885703935
2,2,0,1152,6882,156147.9162609231
4,2,0,1195,8741,95955.5317477904
2,1,0,865,10042,106060.50359091444
2,1,0,768,8172,90179.8051133737
3,1,0,864,8172,66012.02358610765
6,2,0,2592,10890,189040.26100964283
3,1,0,1422,7223,126348.10629090905
2,2,0,1298,6821,172431.08781731024
2,1,0,1098,4000,116294.80102597256
3,1,0,1436,6720,126592.17945603268
3,1,0,1461,7155,130560.71382732868
4,2,1,1718,7230,156960.80505267248
2,1,1,1226,13108,160946.72229086477
4,2,0,1755,7810,156564.58134080193
3,2,0,1355,6221,142280.6633085243
3,1,1,1560,25485,196382.22917408057
3,2,0,1488,21579,197956.12295842817
2,1,0,1045,1782,104447.95736576972
4,2,0,1680,17871,174776.0783302215
1,1,0,1020,3907,142243.5973637458
3,2,0,1696,20693,219036.65873709376
2,2,1,2726,18044,369113.59758453566
3,1,0,1215,7000,102441.62936409989
3,2,0,1601,7288,172816.32310997383
3,2,0,1828,9060,203079.9816798758
2,1,0,816,3672,83662.42537767095
1,1,0,845,11067,141504.59286833837
4,2,0,1991,8250,184312.4889856037
3,1,0,1073,6565,85294.72263683761
2,1,0,1001,6060,110827.63443352767
2,2,0,1625,5568,205942.80768092527
2,2,0,1299,12150,186664.26073436948
3,2,0,1392,10000,156461.60185390819
1,1,1,1409,12864,215893.31338923748
3,2,0,1478,9928,165957.48645030544
3,1,0,918,8750,73625.90690453188
2,1,0,1026,8410,119870.44706435516
2,2,0,1501,4054,187964.2586550851
4,2,1,2279,19958,253875.4755532899
3,2,0,1689,8368,185589.9952453951
2,2,0,1564,8298,206305.8598427371
3,2,0,1240,10331,140218.04981883746
2,2,0,1312,6718,173735.06244656575
2,2,0,1922,11305,254597.235795382
3,2,0,1491,7777,161722.12992204356
5,3,1,2486,11800,246727.7615371741
3,2,0,1824,12633,212097.00886358548
2,1,0,2034,43500,326387.0494567266
0,0,1,936,6710,155156.66714959434
3,1,1,1092,1504,80124.9972218485
2,1,0,992,1533,97818.47866275605
3,1,1,1092,1495,80101.14943890554
3,1,1,1092,1890,81147.80213473579
1,1,0,1008,9129,154728.98304404243
3,2,0,1356,15957,168191.30060665662
3,1,1,1676,33983,231965.57247436672
3,1,1,1432,8286,136391.75134132023
2,1,0,796,6723,89494.11057209485
3,1,0,1608,27697,201549.39570865128
3,1,1,1178,11000,114973.72484028057
2,1,0,816,11625,104735.91623827329
3,1,0,887,10447,74630.83337008618
2,2,0,1293,11027,183012.77340684657
2,1,0,1024,10533,125270.60276291093
3,1,1,1797,11765,186722.2606497755
1,1,1,1390,39384,284024.70289910183
3,2,0,1851,11727,212737.4948987036
3,2,1,1525,8238,172873.87913682678
3,2,1,1671,13041,202045.4524970577
3,2,1,1776,9783,205239.29949372445
4,2,1,2064,13128,211560.9909033854
3,2,1,2212,13751,264862.67028459033
4,2,1,2687,13108,281680.01273416984
3,2,0,1169,8076,126245.7233722845
2,2,0,1204,3701,153576.1042478437
3,3,1,2798,16023,363021.60752497934
5,3,1,3390,18062,365143.15664870123
4,2,1,2473,12292,255413.7822586505
4,2,1,2698,16052,290719.8797829638
4,3,1,2795,15922,327435.27042297175
2,2,0,1714,8147,222801.096214343
3,2,1,2000,18261,252934.2991263113
2,1,0,1102,10464,133873.35133099236
4,2,1,1857,10530,181361.34903329314
2,1,0,1083,9927,130310.3560533153
3,2,1,2318,9512,265569.74460163567
3,3,0,1875,10530,238403.1951183061
3,2,0,1103,10000,123909.89577806002
3,1,0,874,7200,64562.81963988819
2,2,0,1419,8773,191232.32196288853
3,1,1,1092,2760,83453.08781922264
3,1,1,1365,2160,112612.77112027934
3,1,1,1030,1890,74164.3911426853
2,1,1,948,1680,99352.6236575516
3,1,1,1092,1680,80591.35386606655
2,2,0,1069,4043,139276.50574279233
3,1,0,1387,7514,123176.93646539134
2,2,0,1055,2280,133028.09078336158
3,2,1,1456,2179,149047.16108870375
4,2,1,2589,16387,279330.2601925048
2,2,0,1618,16163,233228.498083984
4,2,0,1740,12228,166581.65809470712
2,2,0,1868,14780,257722.8040622741
4,2,1,2206,13975,229799.59613870352
3,2,1,2091,9942,241140.84359177976
3,2,1,2253,12867,267138.3501565051
4,2,1,2389,10672,241659.78579129954
4,2,1,2358,11643,240740.99109945446
2,2,0,1792,13758,246454.44557309724
2,2,0,1780,14828,247938.05405570474
3,2,1,1914,13215,229876.9752963465
2,2,0,1565,5911,200093.5335166921
1,2,0,1686,7740,253549.6529608779
2,2,0,1666,6373,212693.921485137
3,2,1,1456,10237,170398.87608364067
3,2,1,1492,10237,174453.75988547647
3,2,0,1326,11660,153426.23929335666
4,2,1,2373,11631,242398.72897296213
3,2,1,1492,9073,171369.44662485266
2,2,0,1364,3087,169970.86128633795
2,2,0,1511,2938,186133.4901817782
2,2,0,1548,3072,190656.07663526025
2,2,0,1142,3010,144761.7134765054
3,2,1,1598,9171,183568.50256674804
3,2,1,1889,8658,214986.15633717127
4,3,1,2322,12104,264041.8432181573
3,2,1,1976,9660,227440.51202592475
3,2,1,2234,9545,256195.7909348098
4,2,1,2855,9233,290335.0083756257
4,2,1,2726,10019,277887.7144627335
4,3,1,3500,17242,410341.0863738906
4,2,1,2494,10236,252331.2376174168
3,2,1,2799,12585,327890.1906188012
3,2,1,1964,12447,233473.7475433185
2,2,1,1670,15218,242682.13555326153
3,2,0,1504,10936,171556.96533013252
2,2,0,1278,8640,174998.27650220794
3,3,1,2640,13162,337644.2278391635
3,2,1,1716,8125,194087.8682551715
3,1,1,1142,7733,102262.0958301476
3,2,0,1400,11024,160076.0348913827
3,1,1,1131,13072,115170.13834986486
3,2,1,1686,7800,189847.62848070115
3,2,1,1585,7632,178026.26808839323
3,2,1,1837,8304,208191.08916098514
3,2,1,1731,9370,199076.34647971354
2,2,0,1398,7175,184632.66672927744
2,2,0,1217,7175,164245.61205893653
3,2,1,1320,9019,151853.02620731288
3,1,0,988,9100,82437.8169669946
4,2,0,1654,8927,148148.1544020177
2,1,0,1211,9240,142907.33991741814
3,1,0,984,9308,82538.42308369475
3,1,0,909,8450,71817.25985597401
2,1,0,925,8638,109098.38912153777
3,1,1,1024,13052,103065.12753231307
3,1,0,912,8020,71015.77276551854
3,1,0,941,8789,76319.86750401313
3,2,0,2646,14330,309180.15430041496
3,2,1,2826,11025,326797.7377600637
1,1,1,1143,3628,161459.10271331234
2,2,1,1223,2544,158751.01712278184
2,2,1,1524,2998,193857.339294365
2,2,1,1080,4447,147686.5987922084
3,2,1,1694,8314,192110.68715140747
3,2,0,1568,7180,168813.1728963087
2,2,0,1193,13110,177268.64416510297
3,2,0,1334,10140,150299.69901895232
3,1,0,1051,9600,90858.74045037203
4,1,1,1770,8640,140419.81261104022
2,1,0,976,9360,116755.92998356315
3,1,0,898,8400,70445.77990017437
3,1,0,1051,9759,91280.05128236447
3,1,0,1141,9600,100995.94995496143
3,2,0,1565,8800,172767.8668425566
3,1,1,1488,10368,148216.1354872046
4,1,1,1440,9350,105131.36952637986
3,1,0,1248,10800,116227.6700917023
2,1,0,816,8550,96587.92373275936
2,1,0,1043,9724,125267.0296137842
3,1,0,1433,9600,133885.56301429594
2,1,0,1624,10858,193713.1693997808
3,1,0,1216,9600,109443.6245421193
3,1,1,1728,9462,172848.0173498509
2,1,0,936,9888,113649.57346973306
4,2,0,1584,8917,140237.16058406708
3,1,0,1246,12700,121036.93072400455
2,1,0,1008,9723,121322.1317194502
3,1,1,1364,8400,129034.59829957472
3,1,1,1336,9610,129087.00171603476
3,1,0,1370,10000,127849.41782521526
3,1,0,1124,10152,100543.80773570768
3,1,0,1050,8092,86750.27626943271
2,1,0,1008,12778,129417.1291517575
2,1,1,1575,10170,192471.59178239043
3,1,0,1145,7700,96411.96064498338
2,1,0,1005,11050,124500.44784322142
3,1,1,1056,13600,108121.53369536111
2,1,0,884,15428,122472.15436753031
3,1,1,2039,21299,239242.8420485884
2,1,0,1384,13300,173151.3091594009
5,2,1,2640,22136,265327.3077061797
3,1,1,1312,7500,120792.76562484854
2,1,0,713,10410,89914.9924412759
2,1,0,715,10914,91475.73960840628
1,1,0,720,7008,116669.78511579696
3,2,0,1595,7200,171907.33082089215
4,1,1,1760,10818,145064.6194716173
3,1,0,1146,10184,103106.58439840452
3,1,1,1207,9510,114292.02606009033
3,2,0,1773,10800,201495.59168493378
2,2,0,1472,11650,204825.3532852487
3,3,0,2448,18275,323465.77106344566
3,1,1,1521,12144,156639.07480629964
2,2,0,1040,8544,147936.61279423544
4,2,0,1556,8512,136010.2118390946
3,1,0,1150,7000,95120.3113885631
3,1,0,1045,7400,84353.46843067401
3,1,0,864,7000,62906.51229620121
3,1,0,1025,7000,81040.85374330003
5,2,0,2014,9856,156177.80857199355
3,1,0,1668,9600,160354.94338739055
4,1,0,1657,5520,113324.15118163399
3,1,0,1416,9600,131970.7567745402
4,1,0,1428,6451,89997.50543327903
2,1,0,1004,3960,105601.05873032154
4,2,0,1951,7745,178468.93694065302
2,1,0,1032,7741,118773.57583256718
2,1,0,844,5633,92012.39081811647
2,1,0,864,7200,98417.26802709523
2,1,0,1376,7614,157183.72455746922
3,1,0,960,6000,71069.7821074335
5,1,1,1566,6000,75465.98307187232
1,1,0,492,7830,93166.95187962819
3,1,1,1182,9576,111651.01827261946
2,1,0,840,5747,91863.92009074564
5,2,0,2104,6300,156892.49406045047
2,2,0,1248,5976,164560.26291622646
3,1,0,960,9750,81006.35833366998
2,1,0,1020,4761,109525.68199083932
2,1,0,1827,11737,218907.34208311784
3,1,0,1162,6120,94140.15610141816
3,1,0,1324,6120,112387.13320967909
2,1,0,816,11672,104860.45466030878
5,2,0,2486,33120,270985.70979441766
3,2,0,1430,10320,161589.6781493737
3,1,0,1330,7518,116767.30279379271
2,1,0,819,9000,98118.21986339406
3,1,0,984,7200,76952.7423677197
3,1,0,1422,12375,139999.63714892778
4,2,0,1921,11136,184075.18176796797
3,1,0,1640,21370,188388.74545693246
2,1,0,1032,8250,120122.300445675
2,1,0,879,5220,94860.29069707396
2,2,0,1073,5500,143587.73947054116
3,1,0,1064,11327,96899.12861686884
2,1,0,934,10366,114690.88439704647
3,1,0,1059,9000,90169.97354347105
3,1,1,1458,9535,142629.8208532868
3,1,0,1040,7176,83196.74530494963
6,2,0,1967,9662,115389.07528844256
6,2,0,1949,8235,109580.43491423418
2,1,0,872,17529,126687.6588739378
2,1,0,1830,20355,242080.82611132576
1,1,0,1000,13050,164217.5818568984
2,1,0,810,10820,101927.0505747352
2,2,1,1700,1700,210241.83540778735
3,1,1,1350,9375,130041.20886212673
3,1,0,1150,6488,93763.63751447428
4,2,0,2009,19950,217342.04871237936
5,3,1,3672,19800,401511.6849580679
3,2,0,1560,11679,179833.32932483536
3,1,0,1488,12048,146567.12133869884
3,1,0,1057,10519,93969.6780311877
5,1,1,1609,9525,89649.69815450511
4,2,1,2559,12128,264665.8895182974
2,2,0,1440,9069,194381.99793075034
3,2,1,1876,11003,219735.5650755372
2,2,0,1208,7488,164061.2640041608
3,2,0,1846,13377,216546.41013243716
2,2,1,1590,11645,224203.71283193506
3,2,1,1809,10984,212138.6304581299
3,2,0,1614,9316,179654.28712822983
3,2,1,1596,9316,183727.44552517164
3,2,0,1388,12000,161310.56652991925
3,1,1,1100,13015,111527.39689520083
3,2,1,1499,12438,181074.31731999692
3,2,0,1425,8685,156694.15260892408
3,2,1,1749,9272,200844.11252191913
3,2,1,1779,13426,215230.25906179196
3,1,1,1388,8340,131578.86894784548
3,2,0,1282,10385,145091.83428530366
3,1,0,864,7200,63436.46302826715
3,2,1,1762,9930,204051.91402552344
3,2,1,1755,9468,202039.27820631638
1,1,1,1358,11088,205442.93216922457
4,2,1,1909,8726,182438.24781048775
3,2,1,2214,10566,256648.47619876437
4,2,1,2049,21533,232142.6355010252
3,2,1,1939,11250,227486.10088285117
4,2,1,1995,11250,198812.89290910095
1,1,0,848,4435,124269.33357651797
3,2,0,1390,8810,153083.1236757916
3,2,1,1737,8581,197661.50480868606
3,2,1,1611,8400,182989.8060897412
3,2,0,1336,8772,146900.10733394543
3,2,0,1436,8777,158176.92221845753
4,2,0,1012,7840,72955.77770716822
2,1,0,1176,16133,157229.8437573973
3,2,1,1724,7162,192437.2407695708
2,1,0,914,8050,106301.34169648073
3,2,1,2314,11060,269221.0206231777
2,1,0,1072,3675,112505.10389615071
3,2,0,1709,2522,172352.24857034962
3,1,0,936,6956,70899.69073881822
3,2,0,1338,7822,144608.11267895642
4,1,1,1669,8707,129221.14432890975
3,2,0,1482,16012,182529.13036439996
3,1,0,1414,8248,128163.01850345018
1,1,0,498,8088,94526.40229096587
3,1,0,1273,11388,120601.6167730288
3,2,0,1551,10890,176728.9527363763
3,1,0,1340,6430,115010.72742297499
3,1,0,1479,7000,132177.4439108955
3,1,0,1510,4899,130102.01696656794
4,1,1,1636,9399,127337.79704350849
3,2,0,1465,10164,165118.56471903587
4,1,0,1288,6191,73539.57691889869
3,1,1,1550,21780,185438.53525093792
2,1,1,1717,12400,214374.80632994464
4,2,0,1671,8170,148057.09712090387
3,1,1,1609,12320,167017.36963278288
3,1,1,1801,14210,193651.4509939301
4,2,0,2315,15600,240282.13260554906
2,1,0,976,7288,111265.64039935995
3,1,0,1285,7000,110326.12564544717
2,1,0,672,8534,80325.99246685104
2,1,0,641,7030,72849.05746568988
4,2,0,1638,9060,146698.4010602479
2,1,0,729,12366,96900.08117947448
4,2,0,1396,9000,119281.58583939882
2,1,0,936,8520,110024.71046240198
2,2,0,1778,5748,223653.01949758662
2,2,0,1646,3842,203734.68174760035
3,2,0,1625,23580,218689.36561195628
4,2,0,1664,8385,147838.34452974008
3,2,0,1491,9116,165270.1500732251
3,2,0,1210,11080,138823.6454755613
2,1,0,1650,50102,300628.6292359753
2,2,0,1403,8098,187641.56766357226
3,2,0,1960,13618,230025.46613705656
3,2,0,1838,11577,210875.76825454677
3,1,1,1600,31250,216163.48547236566
2,2,0,1368,7020,180842.8850770632
3,1,1,1304,2665,107080.12138785749
3,1,0,874,10172,72437.88751838813
4,2,0,1652,11836,155631.0164775927
1,1,0,630,1470,91858.23984030152
3,1,1,1092,1484,80072.00214864191
3,1,0,1360,13384,135689.82760015
3,1,1,1092,1533,80201.84007799807
3,1,1,1092,1526,80183.29180237577
3,1,1,1092,1936,81269.69080311095
3,1,1,1092,1894,81158.40114937711
4,1,0,1224,20000,102921.34290001722
3,1,0,970,10441,83963.69472457888
3,2,1,2000,9627,230056.32602302442
